Last Name,First Name
Albano,Zuzu
Amenyitor,Elmer
Andersen,Rachel
Braccia,Brandon
Bridgewater,Charlie
Bryan,Alex
Buechler-Neimeyer,Colin
Chang,Abigail
Chiang,Aidan
Coombs,Ryan
Fox,Andrew
Glenn,Bess
Gray,Robert
Griffeth,Taylor
Gumucio,Mariana
Holzbach,Alex
Huang,Austin
Hukeri,Arihan
Katikaneni,Rithvik
Kim,Alex
Krishnan,Anoushka
Lim,Sean
Liu,Andrew
Lujan,Stacy
Mano,Kairi
Misra,Riya
Muruganantham,Yoksha
Narang,Kavya
Nguyen,Carlson
Nkosi,Kef
Olea-Cervantes,Tracy
Osayimwese-Sisson,Raye
Parida,Anwesha
Pasumarthi,Rishi
Perez,Daniel
Reyes,Josue
Salas,America
Situ,Will
Song,Helena
Strothman,Tyler
Tsyganova,Maggie
Turner,Sam
Uzowihe,Chuk
Vaddiraju,Rishi
Versloot,Pieter
Vettical,Diya
Wiley,Antoine
Xie,Mia
Xiong,Charis
Zhang,Ashley