semester,year_of_study,majors,residential_college,preferred_name,preferred_pronoun,birthday,home_state,own_laptop,most_used_devices,credit_hours,siblings,study_hours_per_week
Fall 2022,FR,Social Sciences Division,Will Rice College,Isabelle,she/her/hers,"November,26",NJ,Yes,laptop,17,1,3
Fall 2022,SO,Engineering Division,Jones College,Ahmed,he/him/his,"January,7",TX,Yes,laptop,17,4,3
Fall 2022,JR,Political Science,Hanszen College,Anna,she/her/hers,"September,27",TX,Yes,laptop,19,0,5
Fall 2022,FR,Economics,Sid Richardson College,Mayher,she/her/hers,"June,26",TN,Yes,cell phone,18,2,5
Fall 2022,SO,Social Sciences Division,Lovett College,Meera,she/her/hers,"December,16",TX,Yes,laptop,17,1,4
Fall 2022,VS,Undeclared/None,Undeclared,Trey,he/him/his,"July,17",GA,Yes,cell phone,9,3,2
Fall 2022,FR,Social Sciences Division,Brown College,Brian,he/him/his,"December,29",NJ,Yes,laptop,13,1,3
Fall 2022,JR,Mechanical Engineering,Lovett College,Anish,he/him/his,"May,27",TX,Yes,cell phone,15,1,2
Fall 2022,SO,Engineering Division,Sid Richardson College,Ovik,he/him/his,"September,8",FL,Yes,desktop,16,2,7
Fall 2022,FR,Humanities Division,McMurtry College,Sam,he/him/his,"March,13",CA,Yes,cell phone,16,1,7
Fall 2022,SR,Statistics,Hanszen College,Amanda,she/her/hers,"October,28",TX,Yes,cell phone,15,3,6
Fall 2022,FR,Social Sciences Division,Wiess College,Trey,he/him/his,"December,12",TX,Yes,cell phone,15,2,3
Fall 2022,FR,Social Sciences Division,Hanszen College,Lily,she/her/hers,"June,27",PA,Yes,cell phone,15,2,4
Fall 2022,SO,Sport Management,Will Rice College,Hayden,he/him/his,"May,1",LA,Yes,cell phone,15,1,1
Fall 2022,SR,Social Policy Analysis,Hanszen College,Josh,they/them/theirs,"January,10",TX,Yes,laptop,15,3,9
Fall 2022,FR,Social Sciences Division,Wiess College,Lucca,he/him/his,"October,8",NC,Yes,cell phone,15,2,3
Fall 2022,SO,Social Sciences Division,Martel College,Tanner,he/him/his,"September,21",TX,Yes,cell phone,15,3,5
Fall 2022,JR,Social Sciences Division,Wiess College,Ivan,he/him/his,"January,22",TX,Yes,laptop,16,2,5
Fall 2022,SR,"Sociology, Spanish and Portuguese",Martel College,Brendan,he/him/his,"October,29",TX,Yes,laptop,16,1,3
Fall 2022,SO,Natural Sciences Division,Jones College,Maya,she/her/hers,"February,10",NJ,Yes,cell phone,17,0,5
Fall 2022,JR,"Sports Medicine & Exercise Phy, Sport Management",Baker College,Eli,he/him/his,"April,5",IL,Yes,cell phone,15,1,4
Fall 2022,FR,Social Sciences Division,Baker College,Dee,he/him/his,"April,15",TX,Yes,cell phone,15,1,4
Fall 2022,SO,Statistics,Will Rice College,Emma,she/her/hers,"September,25",TX,Yes,cell phone,18,1,2
Fall 2022,SO,"Linguistics, History",Baker College,Bora,he/him/his,"October,13",I am an international student,Yes,laptop,15,1,3
Fall 2022,SR,Neuroscience,Baker College,Erin,she/her/hers,"May,30",VA,Yes,laptop,15,3,4
Fall 2022,SR,Civil Engineering,Wiess College,Carrie,she/her/hers,"November,20",CA,Yes,laptop,16,2,4
Fall 2022,JR,Cello Performance,Brown College,Colin,he/him/his,I prefer not to tell,VA,Yes,laptop,16,0,3
Fall 2022,JR,Natural Sciences Division,Baker College,Megan,she/her/hers,"October,23",TX,Yes,laptop,16,2,3
Fall 2022,SO,Business Division,Jones College,Anna,she/her/hers,"June,24",TX,Yes,laptop,15,1,3
Fall 2022,JR,Mathematical Economic Analysis,McMurtry College,Bill,he/him/his,"November,13",I am an international student,Yes,cell phone,16,0,10
Fall 2022,VS,Undeclared/None,Undeclared,John,he/him/his,"October,7",TX,Yes,cell phone,9,2,2
Fall 2022,SO,Social Sciences Division,Wiess College,Jeff,he/him/his,"August,26",WA,Yes,cell phone,15,0,3
Fall 2022,SO,Social Sciences Division,Baker College,siwoo,he/him/his,"October,20",I am an international student,Yes,cell phone,15,0,3
Fall 2022,FR,Natural Sciences Division,Will Rice College,Meadow,she/her/hers,"January,5",AR,Yes,cell phone,15,1,6
Fall 2022,FR,Social Sciences Division,Wiess College,Tiger,he/him/his,"April,7",I am an international student,Yes,cell phone,15,1,5
Fall 2022,SR,Computer Science,Hanszen College,Luis,he/him/his,"September,7",TX,Yes,cell phone,15,3,9
Fall 2022,FR,Business Division,Duncan College,Amy Lee,she/her/hers,"October,27",I am an international student,Yes,cell phone,14,1,2
Fall 2022,FR,Humanities Division,Duncan College,Lydia,she/her/hers,"February,13",I am an international student,Yes,cell phone,16,0,6
Fall 2022,SO,Social Sciences Division,Lovett College,Shieun,she/her/hers,"March,22",TX,Yes,cell phone,18,0,5
Fall 2022,FR,Social Sciences Division,Brown College,Alex,he/him/his,"September,2",TN,Yes,cell phone,15,0,6
Fall 2022,SO,Natural Sciences Division,Martel College,Chloe,she/her/hers,"June,8",CA,Yes,cell phone,15,1,4
Fall 2022,VS,Undeclared/None,Undeclared,Charles,he/him/his,"November,27",I am an international student,Yes,laptop,15,0,3
Fall 2022,FR,Engineering Division,Sid Richardson College,Julia,she/her/hers,"July,28",TX,No,desktop,16,4,3
Fall 2022,FR,Social Sciences Division,Jones College,Arryana,she/her/hers,"March,27",TX,Yes,cell phone,15,2,3
Fall 2022,FR,Natural Sciences Division,Will Rice College,Melinda,she/her/hers,"August,31",I am an international student,Yes,cell phone,18,0,5
Fall 2022,FR,Natural Sciences Division,Duncan College,Atulya,he/him/his,"June,9",CA,Yes,cell phone,16,1,5
Fall 2022,FR,Social Sciences Division,Martel College,Gaby,she/her/hers,"September,14",TX,Yes,cell phone,16,2,6
Fall 2022,FR,Engineering Division,Hanszen College,Luisa,she/her/hers,"April,9",TX,Yes,cell phone,16,4,5
Fall 2022,SO,Sport Management,Hanszen College,Ben,he/him/his,"December,6",GA,Yes,cell phone,16,2,8
Fall 2022,FR,Social Sciences Division,McMurtry College,Will,he/him/his,"May,5",TX,Yes,laptop,15,2,6
Fall 2022,FR,Social Sciences Division,Hanszen College,Trace,he/him/his,"June,29",TX,Yes,cell phone,15,1,4
Fall 2022,SR,Mathematical Economic Analysis,Duncan College,Joe,he/him/his,"May,9",NY,Yes,laptop,16,1,6
Fall 2022,FR,Social Sciences Division,Wiess College,Dori,she/her/hers,"July,11",PA,Yes,cell phone,15,2,3
Fall 2022,SO,Social Sciences Division,Duncan College,Kelvin,he/him/his,"May,5",TX,Yes,cell phone,15,1,4
Fall 2022,FR,Social Sciences Division,Jones College,Simon,he/him/his,"February,3",I am an international student,Yes,cell phone,15,2,8
Fall 2022,FR,Business Division,Jones College,Sergio,he/him/his,"June,17",TX,Yes,cell phone,15,2,6
Fall 2022,SO,Social Sciences Division,Martel College,Daniel,he/him/his,"April,18",FL,Yes,cell phone,15,1,2
Fall 2022,JR,Economics,Baker College,Sage,he/him/his,"June,27",CA,Yes,cell phone,17,1,3
Fall 2022,SO,Engineering Division,Lovett College,Arman,he/him/his,"May,24",TX,Yes,cell phone,15,1,5
Fall 2022,FR,Business Division,McMurtry College,Alex,he/him/his,"October,22",MI,Yes,cell phone,15,3,4
Fall 2022,SO,Engineering Division,Will Rice College,Arkin,he/him/his,"September,24",CA,Yes,laptop,15,0,4
Fall 2022,SO,Social Sciences Division,Sid Richardson College,Arjun,he/him/his,"August,6",TX,Yes,cell phone,16,1,3
Fall 2022,FR,Social Sciences Division,Wiess College,Bruce,he/him/his,"December,20",I am an international student,Yes,cell phone,18,0,6
Fall 2022,SO,"Sport Management, Sports Medicine & Exercise Phy",Wiess College,Kofo,she/her/hers,"March,19",I am an international student,Yes,cell phone,16,3,8
Fall 2022,FR,Engineering Division,Duncan College,Grant,he/him/his,"July,16",AZ,Yes,cell phone,14,1,5
Fall 2022,SO,Social Sciences Division,Will Rice College,Ruchi,she/her/hers,"September,28",TX,No,cell phone,18,1,3
Fall 2022,FR,Engineering Division,Jones College,Mac,he/him/his,"April,12",TX,Yes,cell phone,16,1,3
Fall 2022,FR,Business Division,Duncan College,Kathelyn,she/her/hers,"June,18",I am an international student,Yes,cell phone,18,0,4
Fall 2022,FR,Social Sciences Division,Lovett College,Alexa,she/her/hers,"October,9",TX,Yes,cell phone,15,1,2
Fall 2022,FR,Business Division,Hanszen College,Zach,he/him/his,"October,1",TX,Yes,cell phone,15,1,6
Fall 2022,JR,Social Sciences Division,Brown College,Brian,he/him/his,"December,20",TX,Yes,desktop,15,1,2
Fall 2022,FR,Business Division,Jones College,Isabella,she/her/hers,"June,9",NJ,Yes,cell phone,15,1,6
Fall 2022,SR,Architecture,Will Rice College,Chloe,she/her/hers,"June,30",I am an international student,Yes,desktop,15,0,3
Fall 2022,FR,Natural Sciences Division,Will Rice College,Kevin,he/him/his,"March,15",I am an international student,Yes,cell phone,17,1,3
Fall 2022,FR,Social Sciences Division,Hanszen College,Jerry,he/him/his,"August,5",I am an international student,Yes,cell phone,15,1,1
Fall 2022,FR,Social Sciences Division,McMurtry College,alice,she/her/hers,"April,30",CA,Yes,cell phone,16,1,3
Fall 2022,SO,Social Sciences Division,McMurtry College,Belinda,she/her/hers,"November,6",I am an international student,Yes,cell phone,15,2,3
Spring 2023,VS,Undeclared/None,Undeclared,Imane,she/her/hers,"November,7",I am an international student,Yes,cell phone,15,2,5
Spring 2023,SO,Business Division,Hanszen College,Matsuka,she/her/hers,"January,12",CA,Yes,cell phone,15,1,5
Spring 2023,JR,Statistics,Duncan College,Melissa,she/her/hers,"June,21",TX,Yes,cell phone,15,1,5
Spring 2023,SR,Neuroscience,McMurtry College,Sergio,he/him/his,"March,26",TX,Yes,cell phone,15,0,3
Spring 2023,FR,Social Sciences Division,Hanszen College,Trevor,he/him/his,"August,18",TX,Yes,cell phone,15,3,8
Spring 2023,SO,Social Sciences Division,Wiess College,Shraddha,she/her/hers,"August,1",FL,Yes,cell phone,16,1,3
Spring 2023,SR,"Sport Management, Mathematical Economic Analysis",Sid Richardson College,Terry ,he/him/his,"September,21",I am an international student,Yes,cell phone,16,1,4
Spring 2023,SO,Engineering Division,Wiess College,Armon,she/her/hers,"April,29",I am an international student,Yes,laptop,15,2,1
Spring 2023,JR,Engineering Division,Brown College,Adam,he/him/his,"May,24",OH,Yes,laptop,16,1,2
Spring 2023,FR,Social Sciences Division,Martel College,Zefa,she/her/hers,"September,1",CA,Yes,cell phone,15,1,5
Spring 2023,JR,Social Sciences Division,Wiess College,Christina,she/her/hers,"October,14",TX,Yes,laptop,15,2,8
Spring 2023,SO,Engineering Division,Duncan College,Ryker,he/him/his,"May,5",LA,Yes,cell phone,16,1,6
Spring 2023,JR,Health Sciences,Hanszen College,Madeleine,she/her/hers,"May,27",TX,Yes,cell phone,15,2,4
Spring 2023,VS,Undeclared/None,Undeclared,Takuma,he/him/his,"April,11",I am an international student,Yes,tablet,12,0,3
Spring 2023,FR,Social Sciences Division,Martel College,Catherine,she/her/hers,"August,19",TX,Yes,laptop,16,1,2
Spring 2023,FR,Social Sciences Division,Sid Richardson College,Maria,she/her/hers,"May,28",I am an international student,Yes,cell phone,18,4,5
Spring 2023,JR,Psychology,Will Rice College,Jack,he/him/his,"February,24",NY,Yes,laptop,15,1,4
Spring 2023,SR,Political Science,Lovett College,Dylan,he/him/his,"September,28",CA,Yes,laptop,15,2,3
Spring 2023,SO,Business Division,Martel College,Evonne,she/her/hers,"July,22",TX,Yes,cell phone,12,1,4
Spring 2023,SO,Natural Sciences Division,Duncan College,Isabel,she/her/hers,"January,23",NY,Yes,cell phone,17,1,5
Spring 2023,FR,Social Sciences Division,Duncan College,JP,he/him/his,"September,29",NY,Yes,cell phone,15,0,3
Spring 2023,SR,Mechanical Engineering,Lovett College,Dylan,he/him/his,"July,29",TX,Yes,laptop,15,2,2
Spring 2023,JR,Architecture Division,Hanszen College,Sharon,she/her/hers,"September,23",TX,Yes,cell phone,15,1,3
Spring 2023,SO,Natural Sciences Division,Lovett College,Alina,she/her/hers,"February,7",TX,Yes,cell phone,18,1,6
Spring 2023,SO,Business Division,Wiess College,Savan,he/him/his,"December,6",AL,Yes,cell phone,16,1,3
Spring 2023,SO,Social Sciences Division,Brown College,Miriam,she/her/hers,"February,22",TX,Yes,tablet,17,2,2
Spring 2023,FR,Sport Management,Duncan College,Trei,he/him/his,"December,26",VA,Yes,cell phone,12,1,10+
Spring 2023,SR,Biosciences,Hanszen College,Amanda,she/her/hers,"August,15",CA,Yes,cell phone,17,2,4
Spring 2023,FR,Social Sciences Division,McMurtry College,Lizzy,she/her/hers,"June,30",TX,Yes,cell phone,15,2,2
Spring 2023,SO,Social Sciences Division,Martel College,Brodie,he/him/his,"December,9",AL,Yes,cell phone,15,4,6
Spring 2023,SO,"Sport Management, Psychology",Brown College,Kevin,he/him/his,"October,14",FL,Yes,laptop,13,1,6
Spring 2023,SO,Statistics,Lovett College,Sawyer,she/her/hers,"September,26",TX,Yes,cell phone,18,2,5
Spring 2023,SO,Social Sciences Division,Sid Richardson College,Drew,he/him/his,"September,28",TX,Yes,laptop,15,2,8
Spring 2023,JR,Engineering Division,Sid Richardson College,Owen,he/him/his,"February,13",PA,Yes,cell phone,15,1,3
Spring 2023,FR,Social Sciences Division,Lovett College,Josefina,she/her/hers,"March,18",I am an international student,Yes,cell phone,15,4,4
Spring 2023,JR,Natural Sciences Division,Will Rice College,Kalina,she/her/hers,"December,2",MD,Yes,laptop,15,1,4
Spring 2023,FR,Social Sciences Division,Lovett College,Ellis,he/him/his,"September,2",TX,Yes,cell phone,15,3,3
Spring 2023,SO,Business Division,Duncan College,Rebecca,she/her/hers,"August,27",MS,Yes,laptop,15,1,3
Spring 2023,FR,Social Sciences Division,Sid Richardson College,Laiba,she/her/hers,"December,4",I am an international student,Yes,laptop,16,0,3
Spring 2023,JR,Cognitive Sciences,Hanszen College,Kaylah,she/her/hers,"June,25",TX,Yes,cell phone,19,1,3
Spring 2023,SO,Social Sciences Division,McMurtry College,Reid,he/him/his,"January,18",TX,Yes,cell phone,15,0,4
Spring 2023,SR,Economics,Hanszen College,Derek,he/him/his,"August,18",I am an international student,Yes,laptop,18,0,3
Fall 2023,JR,Managerial Econ & Org Sci,Brown College,Tolu,she/her/hers,"October,17",I am an international student,Yes,cell phone,16,2,6
Fall 2023,SO,Humanities Division,Martel College,Karla,she/her/hers,"May,11",TX,Yes,tablet,17,1,3
Fall 2023,JR,Biosciences,Martel College,Priya,she/her/hers,"August,5",TX,Yes,laptop,18,1,5
Fall 2023,SO,Business Division,Lovett College,Isabella,she/her/hers,"April,2",AZ,Yes,laptop,15,2,3
Fall 2023,SO,Humanities Division,Hanszen College,Jace,he/him/his,"February,19",CA,Yes,cell phone,15,2,3
Fall 2023,SO,Social Sciences Division,Jones College,Brayden,he/him/his,"March,9",TX,Yes,cell phone,18,2,2
Fall 2023,SO,Mechanical Engineering,Martel College,Claire,she/her/hers,"March,9",TX,Yes,tablet,18,1,3
Fall 2023,SO,Natural Sciences Division,Sid Richardson College,Anathea,she/her/hers,"September,4",IL,Yes,laptop,16,1,3
Fall 2023,SO,Sport Management,Baker College,"DD (""dee-dee"")",she/her/hers,"August,12",TX,Yes,cell phone,16,1,3
Fall 2023,FR,Business Division,Lovett College,Min,she/her/hers,"September,5",I am an international student,Yes,laptop,18,1,4
Fall 2023,SO,Social Sciences Division,Lovett College,Lily,she/her/hers,"October,15",MI,Yes,laptop,15,2,3
Fall 2023,SO,Social Sciences Division,Duncan College,Brady,he/him/his,"August,24",PA,Yes,laptop,15,1,7
Fall 2023,SO,Humanities Division,McMurtry College,Teddy,he/him/his,"October,8",TX,Yes,cell phone,13,1,3
Fall 2023,SR,"Sport Management, Business",Lovett College,Trinity,he/him/his,"March,25",MD,Yes,cell phone,14,2,3
Fall 2023,SO,Psychology,Duncan College,Annelie,she/her/hers,"February,27",WA,Yes,laptop,16,1,3
Fall 2023,SO,Social Sciences Division,Will Rice College,Alyssa,she/her/hers,"October,21",I am an international student,Yes,tablet,18,1,4
Fall 2023,JR,Sport Management,Baker College,Haoyuan,he/him/his,"November,29",I am an international student,Yes,laptop,16,0,0
Fall 2023,SO,Social Sciences Division,Wiess College,Waverly,she/her/hers,"July,15",CA,Yes,laptop,17,1,5
Fall 2023,SO,Social Sciences Division,Baker College,Ife,he/him/his,"May,18",I am an international student,Yes,laptop,16,2,7
Fall 2023,SR,Sport Management,Hanszen College,Jun-ha,he/him/his,"April,27",GA,Yes,laptop,12,2,2
Fall 2023,FR,Business Division,Wiess College,Sara,she/her/hers,"April,25",MA,Yes,cell phone,15,2,3
Fall 2023,SO,Biosciences,Sid Richardson College,Neo,she/her/hers,"July,31",I am an international student,Yes,tablet,17,1,4
Fall 2023,JR,Business Division,Hanszen College,Garret,he/him/his,"December,17",TX,Yes,laptop,16,1,6
Fall 2023,FR,Humanities Division,Martel College,Rhein,he/him/his,"April,14",I am an international student,Yes,cell phone,18,1,8
Fall 2023,FR,Social Sciences Division,Wiess College,Owen,he/him/his,"February,10",TX,Yes,laptop,13,1,5
Fall 2023,SO,Business Division,Duncan College,Philip,he/him/his,"September,12",I am an international student,Yes,cell phone,16,1,5
Fall 2023,JR,Social Policy Analysis,Jones College,Solomon,he/him/his,"December,19",AR,Yes,desktop,16,1,3
Fall 2023,JR,Biosciences,Martel College,Temi,he/him/his,"March,23",MD,Yes,laptop,15,1,2
Fall 2023,SO,Business Division,Will Rice College,Noelle,she/her/hers,"January,29",CA,Yes,desktop,16,1,5
Fall 2023,SO,Biosciences,Will Rice College,Anya,she/her/hers,"March,30",CA,Yes,laptop,17,1,2
Fall 2023,FR,Social Sciences Division,Duncan College,Andersen,he/him/his,"April,30",NH,Yes,cell phone,15,1,6
Fall 2023,SO,Social Sciences Division,Jones College,Adrian,he/him/his,"March,25",TX,Yes,laptop,15,2,2
Fall 2023,JR,Natural Sciences Division,Jones College,Dhilani,she/her/hers,"May,13",FL,Yes,cell phone,15,0,5
Fall 2023,FR,Social Sciences Division,Wiess College,Nick,he/him/his,"February,23",HI,Yes,cell phone,15,0,3
Fall 2023,SO,Social Sciences Division,McMurtry College,Jasir,he/him/his,"April,15",KY,Yes,laptop,15,2,9
Fall 2023,FR,Business Division,McMurtry College,Matthew,he/him/his,"May,3",NJ,Yes,laptop,15,1,9
Fall 2023,SO,Natural Sciences Division,Will Rice College,Esha,she/her/hers,"April,21",TX,Yes,laptop,17,1,4
Fall 2023,JR,Sport Management,Baker College,Kevin,he/him/his,"September,22",TX,Yes,cell phone,16,1,4
Fall 2023,JR,Business,Baker College,Emir,he/him/his,"November,1",I am an international student,Yes,cell phone,16,1,5
Fall 2023,FR,Social Sciences Division,Will Rice College,Adah,she/her/hers,"November,29",NY,Yes,cell phone,15,3,4
Fall 2023,SO,Social Sciences Division,Duncan College,Michael,he/him/his,"September,19",TX,Yes,cell phone,18,1,4
Fall 2023,SO,Business Division,Wiess College,Nathan,he/him/his,"August,27",TX,Yes,cell phone,16,2,3
Fall 2023,SO,Business Division,Lovett College,Sutton,she/her/hers,"September,26",TX,Yes,laptop,15,2,2
Fall 2023,SO,Natural Sciences Division,Brown College,Elise,she/her/hers,"June,22",TX,Yes,laptop,16,1,6
Fall 2023,JR,Sport Management,McMurtry College,Luke,he/him/his,"October,5",NY,Yes,tablet,15,2,6
Fall 2023,JR,"Sport Management, Political Science",Sid Richardson College,Guinivere,she/her/hers,"June,27",I am an international student,Yes,laptop,13,1,5
Fall 2023,SO,Business Division,Jones College,Daniel,he/him/his,"March,5",FL,Yes,laptop,18,0,3
Fall 2023,JR,Engineering Division,Jones College,Sam,he/him/his,"July,28",TX,Yes,laptop,14,0,5
Spring 2024,SO,Sport Management,McMurtry College,Zuzu,she/her/hers,"April,5",NY,Yes,laptop,16,3,2
Spring 2024,FR,Engineering Division,Lovett College,Elmer,she/her/hers,"April,11",MD,Yes,laptop,18,0,6
Spring 2024,FR,Social Sciences Division,Duncan College,Rachel,she/her/hers,"November,11",TX,Yes,cell phone,15,2,3
Spring 2024,FR,Sport Management,Baker College,Brandon,he/him/his,"July,4",NY,Yes,cell phone,18,1,6
Spring 2024,SO,Social Sciences Division,Brown College,Alex,he/him/his,"March,23",TX,Yes,laptop,16,1,4
Spring 2024,SO,Business Division,Duncan College,Colin,he/him/his,"June,4",MD,Yes,cell phone,15,1,3
Spring 2024,FR,Social Sciences Division,McMurtry College,Abby,she/her/hers,"December,9",CA,Yes,laptop,16,0,2
Spring 2024,FR,Business Division,Jones College,Aidan,he/him/his,"March,23",MA,Yes,cell phone,16,2,3
Spring 2024,FR,Business Division,Baker College,Ryan,he/him/his,"October,17",GA,Yes,cell phone,15,0,3
Spring 2024,FR,Sport Management,Hanszen College,Andrew,he/him/his,"July,19",TX,Yes,cell phone,16,2,4
Spring 2024,SO,Humanities Division,Brown College,Robert,he/him/his,"December,30",NJ,Yes,cell phone,16,2,3
Spring 2024,SO,Business Division,Jones College,Taylor,he/him/his,"October,13",MO,Yes,cell phone,18,0,5
Spring 2024,FR,Business Division,Brown College,Mariana,she/her/hers,"March,31",I am an international student,Yes,laptop,16,2,6
Spring 2024,SR,Engineering Division,Hanszen College,Alex,he/him/his,"I prefer not to tell,I prefer not to tell",TX,Yes,cell phone,12,1,1
Spring 2024,SO,Engineering Division,Duncan College,Austin,he/him/his,"October,23",I am an international student,Yes,laptop,16,1,4
Spring 2024,FR,Business Division,Martel College,Arihan,he/him/his,"April,30",NJ,Yes,cell phone,16,0,4
Spring 2024,FR,Natural Sciences Division,Martel College,Rith,he/him/his,"August,4",TX,Yes,laptop,17,1,5
Spring 2024,FR,Natural Sciences Division,Lovett College,Alex,he/him/his,"October,22",TX,Yes,laptop,16,1,3
Spring 2024,FR,Natural Sciences Division,Wiess College,Anoushka,she/her/hers,"January,8",CA,Yes,cell phone,14,0,3
Spring 2024,FR,Natural Sciences Division,Baker College,Andrew,he/him/his,"March,30",FL,Yes,laptop,16,1,4
Spring 2024,FR,Business Division,Martel College,Stacy,she/her/hers,"May,26",TX,Yes,cell phone,16,1,4
Spring 2024,SO,Engineering Division,Undeclared,Yuki,they/them/theirs,"December,23",I am an international student,Yes,desktop,17,2,6
Spring 2024,FR,Natural Sciences Division,Lovett College,Kairi,he/him/his,"April,14",I am an international student,Yes,cell phone,16,1,2
Spring 2024,JR,Humanities Division,Wiess College,Riya,she/her/hers,"September,27",MA,Yes,cell phone,15,0,3
Spring 2024,FR,Natural Sciences Division,Brown College,Yoksha,she/her/hers,"May,25",TX,Yes,cell phone,16,1,5
Spring 2024,FR,Business Division,Baker College,Kavya,she/her/hers,"May,17",MN,Yes,cell phone,15,1,5
Spring 2024,FR,Natural Sciences Division,Will Rice College,Aryun,he/him/his,"August,29",MN,Yes,cell phone,18,1,9
Spring 2024,FR,Social Sciences Division,McMurtry College,Kef,he/him/his,"June,29",GA,No,cell phone,17,5+,8
Spring 2024,SO,Social Sciences Division,McMurtry College,Tracy,she/her/hers,"June,15",TX,Yes,tablet,15,1,5
Spring 2024,FR,Business Division,Will Rice College,Raye,she/her/hers,"June,14",RI,Yes,cell phone,15,0,3
Spring 2024,FR,Natural Sciences Division,Wiess College,Anwesha,she/her/hers,"September,22",I am an international student,Yes,laptop,12,1,6
Spring 2024,FR,Business Division,Hanszen College,Daniel,he/him/his,"July,14",TX,Yes,laptop,16,1,4
Spring 2024,FR,Natural Sciences Division,McMurtry College,Josue,he/him/his,"December,7",AR,Yes,cell phone,16,2,3
Spring 2024,JR,Social Sciences Division,Wiess College,America,she/her/hers,"August,15",TX,Yes,laptop,16,2,2
Spring 2024,FR,Humanities Division,Brown College,Will,he/him/his,"April,7",MA,Yes,laptop,16,1,4
Spring 2024,FR,Engineering Division,Martel College,Helena,she/her/hers,"February,14",TX,Yes,laptop,15,0,3
Spring 2024,JR,Sport Management,Duncan College,Tyler,he/him/his,"November,13",IN,Yes,cell phone,16,0,3
Spring 2024,FR,Business Division,Duncan College,Maggie,she/her/hers,"March,16",IL,Yes,laptop,18,1,5
Spring 2024,FR,Sport Management,Jones College,Sam,he/him/his,"April,11",VA,Yes,cell phone,18,1,3
Spring 2024,FR,Engineering Division,Baker College,Rishi,he/him/his,"September,21",TX,Yes,laptop,16,1,2
Spring 2024,FR,Business Division,Sid Richardson College,Diya,she/her/hers,"November,15",TX,Yes,cell phone,18,4,4
Spring 2024,FR,Business Division,Sid Richardson College,Mia,she/her/hers,"July,27",PA,Yes,laptop,16,1,2
Spring 2024,FR,Engineering Division,Wiess College,Charis,she/her/hers,"December,28",AR,Yes,cell phone,15,2,3
Spring 2024,FR,Natural Sciences Division,McMurtry College,Ashley,she/her/hers,"January,18",TX,Yes,tablet,16,1,8